student,occas,gpa,job,sex,highgpa,admitted
1,0,2.3,2,1,2.8,1
1,1,2.1,2,1,2.8,1
1,2,3,2,1,2.8,1
1,3,3,2,1,2.8,1
1,4,3,2,1,2.8,1
1,5,3.3,2,1,2.8,1
2,0,2.2,2,0,2.5,0
2,1,2.5,3,0,2.5,0
2,2,2.6,2,0,2.5,0
2,3,2.6,2,0,2.5,0
2,4,3,2,0,2.5,0
2,5,2.8,2,0,2.5,0
3,0,2.4,2,1,2.5,1
3,1,2.9,2,1,2.5,1
3,2,3,2,1,2.5,1
3,3,2.8,3,1,2.5,1
3,4,3.3,2,1,2.5,1
3,5,3.4,2,1,2.5,1
4,0,2.5,3,0,3.8,0
4,1,2.7,2,0,3.8,0
4,2,2.4,2,0,3.8,0
4,3,2.7,2,0,3.8,0
4,4,2.9,2,0,3.8,0
4,5,2.7,2,0,3.8,0
5,0,2.8,2,0,3.1,1
5,1,2.8,2,0,3.1,1
5,2,2.8,2,0,3.1,1
5,3,3,2,0,3.1,1
5,4,2.9,2,0,3.1,1
5,5,3.1,2,0,3.1,1
6,0,2.5,2,1,2.9,0
6,1,2.4,3,1,2.9,0
6,2,2.4,3,1,2.9,0
6,3,2.3,2,1,2.9,0
6,4,2.7,3,1,2.9,0
6,5,2.8,3,1,2.9,0
7,0,2.4,3,0,2.3,1
7,1,2.4,2,0,2.3,1
7,2,2.8,3,0,2.3,1
7,3,2.6,2,0,2.3,1
7,4,3,2,0,2.3,1
7,5,3,2,0,2.3,1
8,0,2.8,2,1,3.9,1
8,1,2.8,2,1,3.9,1
8,2,3.1,2,1,3.9,1
8,3,3.3,2,1,3.9,1
8,4,3.3,2,1,3.9,1
8,5,3.4,2,1,3.9,1
9,0,2.8,2,0,2,NA
9,1,2.7,2,0,2,NA
9,2,2.7,3,0,2,NA
9,3,3.1,2,0,2,NA
9,4,3.1,2,0,2,NA
9,5,3.5,2,0,2,NA
10,0,2.8,2,0,2.8,1
10,1,2.8,2,0,2.8,1
10,2,3,2,0,2.8,1
10,3,2.7,3,0,2.8,1
10,4,3,2,0,2.8,1
10,5,3,2,0,2.8,1
11,0,2.6,2,1,3.9,NA
11,1,2.9,3,1,3.9,NA
11,2,3.2,2,1,3.9,NA
11,3,3.6,2,1,3.9,NA
11,4,3.6,2,1,3.9,NA
11,5,3.8,2,1,3.9,NA
12,0,2.6,3,1,2.9,1
12,1,3,2,1,2.9,1
12,2,2.3,2,1,2.9,1
12,3,2.9,2,1,2.9,1
12,4,3.1,2,1,2.9,1
12,5,3.3,2,1,2.9,1
13,0,2.8,2,0,3.7,NA
13,1,3.1,2,0,3.7,NA
13,2,3.5,2,0,3.7,NA
13,3,3.6,2,0,3.7,NA
13,4,3.9,2,0,3.7,NA
13,5,3.9,2,0,3.7,NA
14,0,2.4,2,1,3.5,1
14,1,3,2,1,3.5,1
14,2,2.9,2,1,3.5,1
14,3,3,2,1,3.5,1
14,4,3.3,2,1,3.5,1
14,5,3.4,2,1,3.5,1
15,0,2.2,2,0,3.6,0
15,1,2.7,2,0,3.6,0
15,2,2.6,3,0,3.6,0
15,3,2.6,3,0,3.6,0
15,4,2.8,3,0,3.6,0
15,5,2.8,2,0,3.6,0
16,0,2.5,2,1,2.9,0
16,1,2.7,2,1,2.9,0
16,2,2.8,2,1,2.9,0
16,3,2.7,2,1,2.9,0
16,4,2.8,2,1,2.9,0
16,5,2.8,2,1,2.9,0
17,0,2.6,2,0,2.4,1
17,1,2.2,2,0,2.4,1
17,2,2.6,2,0,2.4,1
17,3,2.5,3,0,2.4,1
17,4,2.6,3,0,2.4,1
17,5,2.8,2,0,2.4,1
18,0,2.4,3,0,2.5,0
18,1,2.9,2,0,2.5,0
18,2,2,2,0,2.5,0
18,3,2.6,2,0,2.5,0
18,4,2.5,2,0,2.5,0
18,5,2.7,3,0,2.5,0
19,0,2.5,2,1,2.3,0
19,1,2.3,2,1,2.3,0
19,2,3,2,1,2.3,0
19,3,2.9,3,1,2.3,0
19,4,2.9,2,1,2.3,0
19,5,2.9,3,1,2.3,0
20,0,2.8,2,0,3.4,NA
20,1,2.9,2,0,3.4,NA
20,2,3.2,2,0,3.4,NA
20,3,3.2,2,0,3.4,NA
20,4,3.4,2,0,3.4,NA
20,5,3.3,2,0,3.4,NA
21,0,2.6,2,1,2.8,0
21,1,2.4,2,1,2.8,0
21,2,2.5,2,1,2.8,0
21,3,2.5,2,1,2.8,0
21,4,2.5,2,1,2.8,0
21,5,2.6,2,1,2.8,0
22,0,2.8,2,0,3.6,NA
22,1,2.7,2,0,3.6,NA
22,2,3.1,2,0,3.6,NA
22,3,3.1,2,0,3.6,NA
22,4,3,2,0,3.6,NA
22,5,3.3,1,0,3.6,NA
23,0,2.8,2,0,2.4,1
23,1,3.2,2,0,2.4,1
23,2,2.8,2,0,2.4,1
23,3,3,2,0,2.4,1
23,4,2.9,3,0,2.4,1
23,5,3,2,0,2.4,1
24,0,2.7,2,1,3.9,0
24,1,2.9,3,1,3.9,0
24,2,3,2,1,3.9,0
24,3,2.7,2,1,3.9,0
24,4,2.9,3,1,3.9,0
24,5,3,2,1,3.9,0
25,0,3.5,2,1,3.7,NA
25,1,3.1,2,1,3.7,NA
25,2,3,2,1,3.7,NA
25,3,3.3,2,1,3.7,NA
25,4,3.4,2,1,3.7,NA
25,5,3.6,2,1,3.7,NA
26,0,2.3,2,0,3,0
26,1,2.8,2,0,3,0
26,2,2.1,2,0,3,0
26,3,2.8,2,0,3,0
26,4,2.8,3,0,3,0
26,5,2.5,2,0,3,0
27,0,2.2,2,0,3.3,0
27,1,2.4,2,0,3.3,0
27,2,2.5,2,0,3.3,0
27,3,2.2,3,0,3.3,0
27,4,2.8,3,0,3.3,0
27,5,2.5,3,0,3.3,0
28,0,2.6,2,1,3.5,1
28,1,3.1,2,1,3.5,1
28,2,2.9,2,1,3.5,1
28,3,3.1,2,1,3.5,1
28,4,3.1,1,1,3.5,1
28,5,3.2,2,1,3.5,1
29,0,2.9,2,1,3.3,NA
29,1,2.7,2,1,3.3,NA
29,2,2.9,2,1,3.3,NA
29,3,2.9,3,1,3.3,NA
29,4,3.3,2,1,3.3,NA
29,5,3.2,2,1,3.3,NA
30,0,2.9,2,1,2.4,1
30,1,3,2,1,2.4,1
30,2,3.2,1,1,2.4,1
30,3,3.1,2,1,2.4,1
30,4,3.2,1,1,2.4,1
30,5,3.3,2,1,2.4,1
31,0,2.6,2,1,2,0
31,1,2.2,2,1,2,0
31,2,2.1,3,1,2,0
31,3,2.4,3,1,2,0
31,4,2.6,3,1,2,0
31,5,2.8,2,1,2,0
32,0,2.8,2,1,3.5,NA
32,1,2.9,2,1,3.5,NA
32,2,3,2,1,3.5,NA
32,3,3.3,2,1,3.5,NA
32,4,3.4,2,1,3.5,NA
32,5,3.6,2,1,3.5,NA
33,0,2.3,2,1,3.2,0
33,1,3,2,1,3.2,0
33,2,2.4,2,1,3.2,0
33,3,2.8,2,1,3.2,0
33,4,2.8,3,1,3.2,0
33,5,3,2,1,3.2,0
34,0,2.4,2,0,3.9,0
34,1,2.8,2,0,3.9,0
34,2,2.6,2,0,3.9,0
34,3,2.7,2,0,3.9,0
34,4,2.6,2,0,3.9,0
34,5,2.6,2,0,3.9,0
35,0,2.5,2,0,3.5,NA
35,1,2.5,2,0,3.5,NA
35,2,2.6,2,0,3.5,NA
35,3,3.2,2,0,3.5,NA
35,4,3.4,2,0,3.5,NA
35,5,3.6,2,0,3.5,NA
36,0,2.5,2,0,2.9,NA
36,1,2.9,2,0,2.9,NA
36,2,3,2,0,2.9,NA
36,3,3.2,2,0,2.9,NA
36,4,3,2,0,2.9,NA
36,5,3.5,1,0,2.9,NA
37,0,2.2,3,0,3,NA
37,1,2.5,2,0,3,NA
37,2,3.3,2,0,3,NA
37,3,3.1,2,0,3,NA
37,4,3.3,2,0,3,NA
37,5,3.4,2,0,3,NA
38,0,2.9,2,1,2.9,NA
38,1,3.2,2,1,2.9,NA
38,2,3.2,2,1,2.9,NA
38,3,3.4,2,1,2.9,NA
38,4,3.6,2,1,2.9,NA
38,5,3.8,2,1,2.9,NA
39,0,2.4,2,0,3.5,0
39,1,2.3,2,0,3.5,0
39,2,3,2,0,3.5,0
39,3,3.1,2,0,3.5,0
39,4,3.1,2,0,3.5,0
39,5,2.9,3,0,3.5,0
40,0,2.5,2,1,3.1,NA
40,1,2.9,2,1,3.1,NA
40,2,3.2,2,1,3.1,NA
40,3,3.6,2,1,3.1,NA
40,4,3.3,2,1,3.1,NA
40,5,3.6,2,1,3.1,NA
41,0,2.9,2,1,3.3,NA
41,1,3.5,2,1,3.3,NA
41,2,3.2,1,1,3.3,NA
41,3,3.5,2,1,3.3,NA
41,4,3.8,1,1,3.3,NA
41,5,3.9,1,1,3.3,NA
42,0,2.5,2,0,3.9,0
42,1,2.5,2,0,3.9,0
42,2,3.4,1,0,3.9,0
42,3,2.6,2,0,3.9,0
42,4,2.8,2,0,3.9,0
42,5,3,2,0,3.9,0
43,0,2,2,1,2.3,1
43,1,2.5,2,1,2.3,1
43,2,3.1,2,1,2.3,1
43,3,3.3,2,1,2.3,1
43,4,3.2,2,1,2.3,1
43,5,3.6,2,1,2.3,1
44,0,3.1,2,1,3.5,NA
44,1,3,2,1,3.5,NA
44,2,3.1,2,1,3.5,NA
44,3,2.9,2,1,3.5,NA
44,4,3.1,2,1,3.5,NA
44,5,3.2,2,1,3.5,NA
45,0,2.7,2,1,2.4,0
45,1,3.1,2,1,2.4,0
45,2,3,2,1,2.4,0
45,3,3.3,2,1,2.4,0
45,4,3.1,2,1,2.4,0
45,5,3.2,2,1,2.4,0
46,0,2.9,2,0,2.1,0
46,1,2.2,2,0,2.1,0
46,2,2.7,2,0,2.1,0
46,3,2.4,3,0,2.1,0
46,4,2.6,2,0,2.1,0
46,5,2.4,2,0,2.1,0
47,0,2.6,2,1,2.8,1
47,1,2.5,2,1,2.8,1
47,2,2.8,2,1,2.8,1
47,3,2.2,2,1,2.8,1
47,4,2.8,3,1,2.8,1
47,5,2.7,3,1,2.8,1
48,0,2.9,2,1,2.6,0
48,1,2.5,2,1,2.6,0
48,2,2.7,3,1,2.6,0
48,3,2.9,2,1,2.6,0
48,4,3,2,1,2.6,0
48,5,3.2,2,1,2.6,0
49,0,3.1,2,0,2.8,1
49,1,2.7,3,0,2.8,1
49,2,3,2,0,2.8,1
49,3,2.7,2,0,2.8,1
49,4,3,2,0,2.8,1
49,5,3.4,2,0,2.8,1
50,0,2.4,2,0,3.8,1
50,1,2.7,2,0,3.8,1
50,2,2.4,2,0,3.8,1
50,3,3.2,2,0,3.8,1
50,4,3,2,0,3.8,1
50,5,3,2,0,3.8,1
51,0,1.7,3,0,2.1,0
51,1,2.5,2,0,2.1,0
51,2,3.3,2,0,2.1,0
51,3,3.2,2,0,2.1,0
51,4,3,2,0,2.1,0
51,5,3.3,1,0,2.1,0
52,0,2.5,2,1,3.5,NA
52,1,2.9,2,1,3.5,NA
52,2,3,2,1,3.5,NA
52,3,3.3,2,1,3.5,NA
52,4,3.3,2,1,3.5,NA
52,5,3.3,2,1,3.5,NA
53,0,2.8,2,0,2.3,1
53,1,3.4,2,0,2.3,1
53,2,2.7,2,0,2.3,1
53,3,3,1,0,2.3,1
53,4,2.8,2,0,2.3,1
53,5,3,1,0,2.3,1
54,0,2.8,2,1,2.2,NA
54,1,2.5,2,1,2.2,NA
54,2,3.3,2,1,2.2,NA
54,3,3.3,2,1,2.2,NA
54,4,3.2,2,1,2.2,NA
54,5,3.4,2,1,2.2,NA
55,0,2.4,2,0,3.3,1
55,1,2.8,2,0,3.3,1
55,2,3.2,2,0,3.3,1
55,3,3.2,2,0,3.3,1
55,4,3.1,2,0,3.3,1
55,5,3.5,2,0,3.3,1
56,0,2.2,2,0,2.1,1
56,1,2,2,0,2.1,1
56,2,2.6,2,0,2.1,1
56,3,2.6,3,0,2.1,1
56,4,2.9,2,0,2.1,1
56,5,3.1,2,0,2.1,1
57,0,2.5,2,0,3.5,1
57,1,2.9,2,0,3.5,1
57,2,2.8,3,0,3.5,1
57,3,2.8,2,0,3.5,1
57,4,3.4,2,0,3.5,1
57,5,3.3,2,0,3.5,1
58,0,2.5,2,1,2.5,0
58,1,2.2,2,1,2.5,0
58,2,2.4,3,1,2.5,0
58,3,2.8,3,1,2.5,0
58,4,2.9,2,1,2.5,0
58,5,3.1,2,1,2.5,0
59,0,2.8,2,0,2.5,1
59,1,2.8,2,0,2.5,1
59,2,2.6,3,0,2.5,1
59,3,3.1,2,0,2.5,1
59,4,3,2,0,2.5,1
59,5,3.3,1,0,2.5,1
60,0,2,2,0,2.3,0
60,1,2.7,3,0,2.3,0
60,2,2.6,2,0,2.3,0
60,3,2.8,2,0,2.3,0
60,4,3.1,2,0,2.3,0
60,5,2.9,2,0,2.3,0
61,0,2.4,3,0,2.5,NA
61,1,3.1,2,0,2.5,NA
61,2,3.2,2,0,2.5,NA
61,3,3.3,1,0,2.5,NA
61,4,3.5,1,0,2.5,NA
61,5,3.5,1,0,2.5,NA
62,0,2.4,2,0,3,NA
62,1,2.2,2,0,3,NA
62,2,2.5,2,0,3,NA
62,3,3,2,0,3,NA
62,4,2.9,2,0,3,NA
62,5,3.4,1,0,3,NA
63,0,2.6,2,1,3.8,NA
63,1,3.1,2,1,3.8,NA
63,2,3.1,2,1,3.8,NA
63,3,3.5,2,1,3.8,NA
63,4,3.4,2,1,3.8,NA
63,5,3.4,1,1,3.8,NA
64,0,2.4,2,1,2.2,1
64,1,2.9,2,1,2.2,1
64,2,2.7,2,1,2.2,1
64,3,3.3,2,1,2.2,1
64,4,3.2,2,1,2.2,1
64,5,3.4,2,1,2.2,1
65,0,1.9,3,0,3.6,0
65,1,2.9,2,0,3.6,0
65,2,2.4,2,0,3.6,0
65,3,2.8,2,0,3.6,0
65,4,2.8,2,0,3.6,0
65,5,2.7,2,0,3.6,0
66,0,2.3,3,1,3.8,NA
66,1,2.7,2,1,3.8,NA
66,2,3.2,2,1,3.8,NA
66,3,3.3,2,1,3.8,NA
66,4,3.4,2,1,3.8,NA
66,5,3.7,2,1,3.8,NA
67,0,2.6,2,1,3.3,0
67,1,3,2,1,3.3,0
67,2,2.5,2,1,3.3,0
67,3,2.4,2,1,3.3,0
67,4,2.6,2,1,3.3,0
67,5,2.6,2,1,3.3,0
68,0,2.3,3,0,2.9,1
68,1,2.1,2,0,2.9,1
68,2,2.3,3,0,2.9,1
68,3,2.8,2,0,2.9,1
68,4,2.7,3,0,2.9,1
68,5,3.1,2,0,2.9,1
69,0,2.3,2,0,2.5,0
69,1,2.3,2,0,2.5,0
69,2,2.5,3,0,2.5,0
69,3,2.7,2,0,2.5,0
69,4,2.7,3,0,2.5,0
69,5,2.8,2,0,2.5,0
70,0,2.7,2,0,3.7,1
70,1,2.4,3,0,3.7,1
70,2,3,2,0,3.7,1
70,3,3.2,2,0,3.7,1
70,4,2.9,2,0,3.7,1
70,5,3.1,1,0,3.7,1
71,0,2.9,2,1,3.4,1
71,1,2.8,2,1,3.4,1
71,2,3,2,1,3.4,1
71,3,2.8,2,1,3.4,1
71,4,2.9,2,1,3.4,1
71,5,2.8,2,1,3.4,1
72,0,3,2,1,2.9,1
72,1,3.1,2,1,2.9,1
72,2,3.5,2,1,2.9,1
72,3,3.2,2,1,2.9,1
72,4,3.7,2,1,2.9,1
72,5,3.7,2,1,2.9,1
73,0,2.6,2,0,4,0
73,1,2.5,2,0,4,0
73,2,2.6,2,0,4,0
73,3,2.8,2,0,4,0
73,4,2.6,2,0,4,0
73,5,2.6,2,0,4,0
74,0,3.5,2,0,3.4,NA
74,1,2.9,3,0,3.4,NA
74,2,2.8,3,0,3.4,NA
74,3,3.1,2,0,3.4,NA
74,4,3.1,2,0,3.4,NA
74,5,3.3,2,0,3.4,NA
75,0,2.5,2,1,2,0
75,1,2.5,2,1,2,0
75,2,3.2,2,1,2,0
75,3,3,2,1,2,0
75,4,3.2,2,1,2,0
75,5,3,2,1,2,0
76,0,2.4,2,0,2.9,NA
76,1,2.9,2,0,2.9,NA
76,2,2.8,2,0,2.9,NA
76,3,3.4,1,0,2.9,NA
76,4,3.3,1,0,2.9,NA
76,5,3.5,1,0,2.9,NA
77,0,2.4,2,1,2.8,NA
77,1,3.1,2,1,2.8,NA
77,2,3.2,2,1,2.8,NA
77,3,3.8,2,1,2.8,NA
77,4,4,1,1,2.8,NA
77,5,4,1,1,2.8,NA
78,0,2.4,3,0,2.9,0
78,1,2.5,2,0,2.9,0
78,2,2.1,2,0,2.9,0
78,3,2.5,2,0,2.9,0
78,4,2.3,2,0,2.9,0
78,5,2.8,2,0,2.9,0
79,0,2.3,2,1,2.6,0
79,1,1.8,3,1,2.6,0
79,2,2.2,3,1,2.6,0
79,3,2.3,3,1,2.6,0
79,4,2.5,2,1,2.6,0
79,5,2.8,2,1,2.6,0
80,0,3.1,2,1,3.7,NA
80,1,2.8,3,1,3.7,NA
80,2,3,2,1,3.7,NA
80,3,3.1,2,1,3.7,NA
80,4,3.4,2,1,3.7,NA
80,5,3.2,2,1,3.7,NA
81,0,2.3,2,1,2.2,NA
81,1,2.4,3,1,2.2,NA
81,2,2.8,2,1,2.2,NA
81,3,3.1,2,1,2.2,NA
81,4,3.3,2,1,2.2,NA
81,5,3.6,2,1,2.2,NA
82,0,3.3,2,1,3.6,NA
82,1,3.2,2,1,3.6,NA
82,2,2.7,2,1,3.6,NA
82,3,3.2,2,1,3.6,NA
82,4,3.3,2,1,3.6,NA
82,5,3.6,2,1,3.6,NA
83,0,2.5,2,1,2.3,NA
83,1,3.1,2,1,2.3,NA
83,2,3.2,1,1,2.3,NA
83,3,3.3,2,1,2.3,NA
83,4,3.4,2,1,2.3,NA
83,5,3.4,1,1,2.3,NA
84,0,2.3,2,0,3.7,0
84,1,2.1,3,0,3.7,0
84,2,2.4,3,0,3.7,0
84,3,2.1,2,0,3.7,0
84,4,2.2,3,0,3.7,0
84,5,2.4,3,0,3.7,0
85,0,2.4,3,1,2.8,0
85,1,2.8,2,1,2.8,0
85,2,3.1,2,1,2.8,0
85,3,3.3,2,1,2.8,0
85,4,3.1,2,1,2.8,0
85,5,3.3,2,1,2.8,0
86,0,2.7,2,0,2.5,1
86,1,2.5,2,0,2.5,1
86,2,3,2,0,2.5,1
86,3,2.5,2,0,2.5,1
86,4,2.6,2,0,2.5,1
86,5,2.6,2,0,2.5,1
87,0,2.3,2,1,2.1,1
87,1,2.7,2,1,2.1,1
87,2,2.7,2,1,2.1,1
87,3,3.2,2,1,2.1,1
87,4,3.1,2,1,2.1,1
87,5,3.2,2,1,2.1,1
88,0,2.7,2,0,2.2,1
88,1,2.8,2,0,2.2,1
88,2,2.5,3,0,2.2,1
88,3,2.7,2,0,2.2,1
88,4,3.1,2,0,2.2,1
88,5,3,2,0,2.2,1
89,0,2.6,2,0,3.7,NA
89,1,2.8,2,0,3.7,NA
89,2,3.2,2,0,3.7,NA
89,3,3,2,0,3.7,NA
89,4,3.1,2,0,3.7,NA
89,5,3.5,2,0,3.7,NA
90,0,2.4,2,1,2.6,0
90,1,2.5,2,1,2.6,0
90,2,2.7,2,1,2.6,0
90,3,3,2,1,2.6,0
90,4,3,2,1,2.6,0
90,5,3.2,2,1,2.6,0
91,0,2,2,0,3.6,0
91,1,2.5,2,0,3.6,0
91,2,2.3,2,0,3.6,0
91,3,2.5,2,0,3.6,0
91,4,2.8,2,0,3.6,0
91,5,2.9,3,0,3.6,0
92,0,2.7,2,1,2.7,NA
92,1,3.2,2,1,2.7,NA
92,2,3.8,2,1,2.7,NA
92,3,4,1,1,2.7,NA
92,4,4,1,1,2.7,NA
92,5,4,1,1,2.7,NA
93,0,2.9,2,0,3.5,NA
93,1,3.5,2,0,3.5,NA
93,2,3.2,2,0,3.5,NA
93,3,3.3,2,0,3.5,NA
93,4,3.4,2,0,3.5,NA
93,5,3.4,2,0,3.5,NA
94,0,2.7,2,1,3.7,1
94,1,2.9,3,1,3.7,1
94,2,3,2,1,3.7,1
94,3,2.7,3,1,3.7,1
94,4,2.7,2,1,3.7,1
94,5,2.8,2,1,3.7,1
95,0,2.5,2,1,3.4,0
95,1,2.5,2,1,3.4,0
95,2,2.9,2,1,3.4,0
95,3,2.8,2,1,3.4,0
95,4,2.7,2,1,3.4,0
95,5,2.9,2,1,3.4,0
96,0,2.4,2,1,2.3,NA
96,1,2.5,2,1,2.3,NA
96,2,2.8,3,1,2.3,NA
96,3,3.3,2,1,2.3,NA
96,4,3.4,2,1,2.3,NA
96,5,3.8,2,1,2.3,NA
97,0,2.3,3,0,2.6,0
97,1,2.5,3,0,2.6,0
97,2,3,2,0,2.6,0
97,3,3.2,2,0,2.6,0
97,4,2.9,2,0,2.6,0
97,5,2.9,2,0,2.6,0
98,0,3.3,2,1,3.4,NA
98,1,2.4,2,1,3.4,NA
98,2,3.2,2,1,3.4,NA
98,3,3.2,2,1,3.4,NA
98,4,3.1,2,1,3.4,NA
98,5,3.3,2,1,3.4,NA
99,0,2.2,2,1,2.9,1
99,1,2.7,2,1,2.9,1
99,2,2.7,3,1,2.9,1
99,3,2.8,3,1,2.9,1
99,4,2.8,3,1,2.9,1
99,5,2.8,2,1,2.9,1
100,0,2.7,3,0,2.8,0
100,1,2,2,0,2.8,0
100,2,2,3,0,2.8,0
100,3,2.3,3,0,2.8,0
100,4,2.4,3,0,2.8,0
100,5,2.7,3,0,2.8,0
101,0,2.8,2,1,3.4,NA
101,1,2.7,2,1,3.4,NA
101,2,3.1,2,1,3.4,NA
101,3,3.6,2,1,3.4,NA
101,4,3.6,2,1,3.4,NA
101,5,3.7,1,1,3.4,NA
102,0,3.1,2,0,3.5,1
102,1,2.9,2,0,3.5,1
102,2,2.7,2,0,3.5,1
102,3,2.6,3,0,3.5,1
102,4,2.9,2,0,3.5,1
102,5,2.7,2,0,3.5,1
103,0,2.2,2,1,2.3,1
103,1,2.4,2,1,2.3,1
103,2,2.8,3,1,2.3,1
103,3,2.8,2,1,2.3,1
103,4,3.1,2,1,2.3,1
103,5,2.9,3,1,2.3,1
104,0,2.3,2,1,3.5,1
104,1,2.8,2,1,3.5,1
104,2,2.9,2,1,3.5,1
104,3,3,2,1,3.5,1
104,4,3.4,2,1,3.5,1
104,5,3.4,2,1,3.5,1
105,0,3.4,2,1,3.6,NA
105,1,3.9,2,1,3.6,NA
105,2,3.9,2,1,3.6,NA
105,3,3.5,2,1,3.6,NA
105,4,3.9,2,1,3.6,NA
105,5,3.9,2,1,3.6,NA
106,0,1.8,3,0,2.6,0
106,1,2.8,2,0,2.6,0
106,2,2.6,2,0,2.6,0
106,3,2.3,2,0,2.6,0
106,4,2.5,2,0,2.6,0
106,5,2.7,2,0,2.6,0
107,0,2.4,2,0,3.2,0
107,1,2.5,2,0,3.2,0
107,2,2.3,2,0,3.2,0
107,3,2.3,2,0,3.2,0
107,4,2.6,2,0,3.2,0
107,5,2.7,2,0,3.2,0
108,0,2.7,2,0,2.3,0
108,1,2,2,0,2.3,0
108,2,2,3,0,2.3,0
108,3,2.6,2,0,2.3,0
108,4,2.5,2,0,2.3,0
108,5,2.7,2,0,2.3,0
109,0,2.7,2,0,3.2,1
109,1,2.7,2,0,3.2,1
109,2,2.7,2,0,3.2,1
109,3,3.1,2,0,3.2,1
109,4,2.8,2,0,3.2,1
109,5,2.7,2,0,3.2,1
110,0,2.5,2,0,2.4,0
110,1,2.3,2,0,2.4,0
110,2,2.2,2,0,2.4,0
110,3,2.2,3,0,2.4,0
110,4,2.2,2,0,2.4,0
110,5,2.3,2,0,2.4,0
111,0,2.4,2,1,2.2,0
111,1,2.5,2,1,2.2,0
111,2,2.2,2,1,2.2,0
111,3,2.4,2,1,2.2,0
111,4,2.2,3,1,2.2,0
111,5,2.5,2,1,2.2,0
112,0,3,2,1,2.5,NA
112,1,3.5,2,1,2.5,NA
112,2,3.2,2,1,2.5,NA
112,3,2.9,2,1,2.5,NA
112,4,3,2,1,2.5,NA
112,5,3.1,2,1,2.5,NA
113,0,2.7,2,0,3.7,1
113,1,2.4,2,0,3.7,1
113,2,3,2,0,3.7,1
113,3,2.5,3,0,3.7,1
113,4,2.6,3,0,3.7,1
113,5,2.8,3,0,3.7,1
114,0,2.8,2,1,4,1
114,1,2.3,2,1,4,1
114,2,2.8,2,1,4,1
114,3,2.9,2,1,4,1
114,4,3,2,1,4,1
114,5,3.1,2,1,4,1
115,0,2.2,2,1,3.6,1
115,1,2.1,3,1,3.6,1
115,2,3.1,2,1,3.6,1
115,3,3,2,1,3.6,1
115,4,3,2,1,3.6,1
115,5,3.2,2,1,3.6,1
116,0,2.5,2,1,2.2,0
116,1,2.3,2,1,2.2,0
116,2,2.8,2,1,2.2,0
116,3,2.7,3,1,2.2,0
116,4,2.9,3,1,2.2,0
116,5,3.1,2,1,2.2,0
117,0,2.8,2,1,2.3,0
117,1,2.1,2,1,2.3,0
117,2,3,2,1,2.3,0
117,3,3.1,2,1,2.3,0
117,4,3,2,1,2.3,0
117,5,3.1,2,1,2.3,0
118,0,2.5,2,1,2.2,NA
118,1,2.4,2,1,2.2,NA
118,2,3,2,1,2.2,NA
118,3,3.3,2,1,2.2,NA
118,4,3.3,1,1,2.2,NA
118,5,3.6,2,1,2.2,NA
119,0,2.4,3,0,2.4,0
119,1,2.5,2,0,2.4,0
119,2,2.6,2,0,2.4,0
119,3,2.5,2,0,2.4,0
119,4,2.8,3,0,2.4,0
119,5,2.9,3,0,2.4,0
120,0,2.5,2,0,3.9,1
120,1,3.2,2,0,3.9,1
120,2,3.2,2,0,3.9,1
120,3,2.8,2,0,3.9,1
120,4,3,2,0,3.9,1
120,5,3.3,2,0,3.9,1
121,0,2.9,2,0,3.7,1
121,1,2.7,2,0,3.7,1
121,2,2.6,2,0,3.7,1
121,3,3,2,0,3.7,1
121,4,3.3,2,0,3.7,1
121,5,3.3,2,0,3.7,1
122,0,3,2,1,2.5,NA
122,1,3.3,2,1,2.5,NA
122,2,2.9,3,1,2.5,NA
122,3,3,2,1,2.5,NA
122,4,3.1,2,1,2.5,NA
122,5,3.6,2,1,2.5,NA
123,0,2.9,2,0,2.8,1
123,1,2.3,2,0,2.8,1
123,2,2.3,3,0,2.8,1
123,3,2.4,2,0,2.8,1
123,4,2.2,2,0,2.8,1
123,5,2.5,2,0,2.8,1
124,0,2.5,2,1,3.6,1
124,1,3.1,2,1,3.6,1
124,2,2.5,2,1,3.6,1
124,3,3.3,2,1,3.6,1
124,4,3,2,1,3.6,1
124,5,3.4,2,1,3.6,1
125,0,2.8,2,0,3.8,0
125,1,2.3,3,0,3.8,0
125,2,2.7,3,0,3.8,0
125,3,2.4,2,0,3.8,0
125,4,2.6,3,0,3.8,0
125,5,3,2,0,3.8,0
126,0,2.5,2,1,3.1,1
126,1,2.7,2,1,3.1,1
126,2,2.1,2,1,3.1,1
126,3,3.1,2,1,3.1,1
126,4,3,2,1,3.1,1
126,5,3,2,1,3.1,1
127,0,2.7,3,0,2.5,0
127,1,2.3,3,0,2.5,0
127,2,2.4,2,0,2.5,0
127,3,2.6,2,0,2.5,0
127,4,2.3,3,0,2.5,0
127,5,2.5,3,0,2.5,0
128,0,3,2,1,3.8,1
128,1,2.7,3,1,3.8,1
128,2,2.3,2,1,3.8,1
128,3,2.7,3,1,3.8,1
128,4,2.9,2,1,3.8,1
128,5,3.1,2,1,3.8,1
129,0,2.7,2,1,3.4,1
129,1,2.8,3,1,3.4,1
129,2,2.7,2,1,3.4,1
129,3,2.7,2,1,3.4,1
129,4,2.9,2,1,3.4,1
129,5,2.9,3,1,3.4,1
130,0,2.4,2,0,2.9,NA
130,1,2.9,2,0,2.9,NA
130,2,3.6,2,0,2.9,NA
130,3,3.1,2,0,2.9,NA
130,4,3,1,0,2.9,NA
130,5,3.1,2,0,2.9,NA
131,0,2.8,2,1,2.2,NA
131,1,3.1,2,1,2.2,NA
131,2,3.2,2,1,2.2,NA
131,3,3.1,2,1,2.2,NA
131,4,3.4,2,1,2.2,NA
131,5,3.7,2,1,2.2,NA
132,0,2.2,3,0,2.7,0
132,1,2.7,2,0,2.7,0
132,2,3.4,2,0,2.7,0
132,3,3,2,0,2.7,0
132,4,3.3,2,0,2.7,0
132,5,3.7,2,0,2.7,0
133,0,2.5,2,0,2,0
133,1,2.8,2,0,2,0
133,2,2.3,2,0,2,0
133,3,2.1,2,0,2,0
133,4,2.3,2,0,2,0
133,5,2.5,2,0,2,0
134,0,2.5,2,1,2.8,1
134,1,3.1,2,1,2.8,1
134,2,2.8,2,1,2.8,1
134,3,2.8,2,1,2.8,1
134,4,2.9,3,1,2.8,1
134,5,3.2,2,1,2.8,1
135,0,3,2,1,2.3,NA
135,1,2.7,3,1,2.3,NA
135,2,3,2,1,2.3,NA
135,3,3.1,2,1,2.3,NA
135,4,3,2,1,2.3,NA
135,5,3,2,1,2.3,NA
136,0,2.8,2,1,2,1
136,1,2.5,2,1,2,1
136,2,2.8,3,1,2,1
136,3,2.4,2,1,2,1
136,4,2.8,2,1,2,1
136,5,2.7,3,1,2,1
137,0,2.8,2,0,2,1
137,1,2.1,2,0,2,1
137,2,2.7,2,0,2,1
137,3,2.8,2,0,2,1
137,4,3.1,2,0,2,1
137,5,3,2,0,2,1
138,0,2.5,2,1,3.3,1
138,1,2.8,2,1,3.3,1
138,2,2.7,2,1,3.3,1
138,3,2.7,2,1,3.3,1
138,4,2.9,2,1,3.3,1
138,5,3.1,2,1,3.3,1
139,0,2.5,2,1,3.9,NA
139,1,3.1,2,1,3.9,NA
139,2,3,2,1,3.9,NA
139,3,3.3,2,1,3.9,NA
139,4,3.3,1,1,3.9,NA
139,5,3.4,2,1,3.9,NA
140,0,2.5,2,0,2.8,0
140,1,2.9,2,0,2.8,0
140,2,2.6,2,0,2.8,0
140,3,2.6,2,0,2.8,0
140,4,2.9,2,0,2.8,0
140,5,2.8,3,0,2.8,0
141,0,2.7,2,1,2.1,NA
141,1,3.1,2,1,2.1,NA
141,2,3.1,2,1,2.1,NA
141,3,3.1,2,1,2.1,NA
141,4,3.4,2,1,2.1,NA
141,5,3.1,2,1,2.1,NA
142,0,2.8,2,1,2.9,1
142,1,2.9,3,1,2.9,1
142,2,3.1,2,1,2.9,1
142,3,3,2,1,2.9,1
142,4,3.1,2,1,2.9,1
142,5,2.9,3,1,2.9,1
143,0,2.9,3,1,3.1,NA
143,1,2.7,3,1,3.1,NA
143,2,2.4,2,1,3.1,NA
143,3,2.9,2,1,3.1,NA
143,4,3,2,1,3.1,NA
143,5,3,1,1,3.1,NA
144,0,2.5,2,1,3.6,1
144,1,3,2,1,3.6,1
144,2,2.9,2,1,3.6,1
144,3,3,2,1,3.6,1
144,4,3,2,1,3.6,1
144,5,3.4,2,1,3.6,1
145,0,2.4,2,1,2.8,0
145,1,2.5,2,1,2.8,0
145,2,2.8,2,1,2.8,0
145,3,2.9,3,1,2.8,0
145,4,2.9,3,1,2.8,0
145,5,3.2,2,1,2.8,0
146,0,2.6,3,1,3.4,0
146,1,2.4,2,1,3.4,0
146,2,2.3,2,1,3.4,0
146,3,2.5,2,1,3.4,0
146,4,2.5,2,1,3.4,0
146,5,2.9,3,1,3.4,0
147,0,2.6,2,0,3.4,NA
147,1,2.9,2,0,3.4,NA
147,2,3.4,2,0,3.4,NA
147,3,3.5,2,0,3.4,NA
147,4,3.6,2,0,3.4,NA
147,5,3.9,1,0,3.4,NA
148,0,2.5,2,0,3.1,0
148,1,3,2,0,3.1,0
148,2,2.5,2,0,3.1,0
148,3,2.6,2,0,3.1,0
148,4,2.8,3,0,3.1,0
148,5,2.8,3,0,3.1,0
149,0,2.7,3,1,2.4,0
149,1,2.7,2,1,2.4,0
149,2,2.4,2,1,2.4,0
149,3,2.9,2,1,2.4,0
149,4,3,1,1,2.4,0
149,5,3.1,2,1,2.4,0
150,0,2.7,2,0,2.7,0
150,1,2.8,3,0,2.7,0
150,2,2.4,2,0,2.7,0
150,3,2.4,2,0,2.7,0
150,4,2.6,3,0,2.7,0
150,5,2.7,3,0,2.7,0
151,0,2.4,2,1,2.2,0
151,1,2.5,2,1,2.2,0
151,2,2.5,2,1,2.2,0
151,3,2.9,2,1,2.2,0
151,4,2.7,2,1,2.2,0
151,5,2.9,2,1,2.2,0
152,0,2.4,2,0,3.8,1
152,1,2.9,2,0,3.8,1
152,2,2.7,3,0,3.8,1
152,3,2.7,3,0,3.8,1
152,4,2.8,2,0,3.8,1
152,5,2.9,2,0,3.8,1
153,0,2.5,2,1,2.5,0
153,1,3,2,1,2.5,0
153,2,2.7,2,1,2.5,0
153,3,2.8,2,1,2.5,0
153,4,3,2,1,2.5,0
153,5,3,2,1,2.5,0
154,0,2.6,2,0,2.9,NA
154,1,2.7,2,0,2.9,NA
154,2,3.2,2,0,2.9,NA
154,3,3.3,2,0,2.9,NA
154,4,3.4,2,0,2.9,NA
154,5,3.5,1,0,2.9,NA
155,0,2.7,2,0,2.9,0
155,1,3.1,2,0,2.9,0
155,2,2.5,2,0,2.9,0
155,3,2.7,2,0,2.9,0
155,4,2.7,3,0,2.9,0
155,5,2.9,3,0,2.9,0
156,0,2.6,2,0,3.9,0
156,1,2.7,2,0,3.9,0
156,2,2.7,2,0,3.9,0
156,3,3,2,0,3.9,0
156,4,2.8,2,0,3.9,0
156,5,2.8,3,0,3.9,0
157,0,3.3,2,1,2.1,NA
157,1,3,2,1,2.1,NA
157,2,3.1,2,1,2.1,NA
157,3,3.3,2,1,2.1,NA
157,4,3.4,2,1,2.1,NA
157,5,3.4,2,1,2.1,NA
158,0,3,2,1,2.6,0
158,1,2.8,2,1,2.6,0
158,2,2.9,2,1,2.6,0
158,3,2.7,2,1,2.6,0
158,4,2.8,2,1,2.6,0
158,5,2.8,3,1,2.6,0
159,0,3,2,1,3.1,NA
159,1,3,2,1,3.1,NA
159,2,3.1,2,1,3.1,NA
159,3,3.4,2,1,3.1,NA
159,4,3.8,2,1,3.1,NA
159,5,4,1,1,3.1,NA
160,0,2.9,2,1,3.4,NA
160,1,2.7,2,1,3.4,NA
160,2,3.2,2,1,3.4,NA
160,3,3.4,2,1,3.4,NA
160,4,3.7,2,1,3.4,NA
160,5,3.8,2,1,3.4,NA
161,0,2.6,2,0,3.1,1
161,1,2.5,2,0,3.1,1
161,2,2.7,3,0,3.1,1
161,3,2.8,2,0,3.1,1
161,4,2.8,3,0,3.1,1
161,5,3.1,2,0,3.1,1
162,0,1.7,3,1,2.7,0
162,1,2.5,2,1,2.7,0
162,2,2.2,2,1,2.7,0
162,3,2.7,2,1,2.7,0
162,4,2.6,3,1,2.7,0
162,5,2.5,2,1,2.7,0
163,0,2.2,3,1,3,NA
163,1,2.5,3,1,3,NA
163,2,2.9,2,1,3,NA
163,3,2.9,2,1,3,NA
163,4,3.2,1,1,3,NA
163,5,3.2,2,1,3,NA
164,0,2.5,3,0,2.5,NA
164,1,2.4,3,0,2.5,NA
164,2,2.6,2,0,2.5,NA
164,3,2.8,2,0,2.5,NA
164,4,2.8,2,0,2.5,NA
164,5,3.3,2,0,2.5,NA
165,0,2.8,2,1,3.8,0
165,1,2.7,2,1,3.8,0
165,2,2.9,3,1,3.8,0
165,3,2.9,2,1,3.8,0
165,4,2.9,2,1,3.8,0
165,5,2.9,2,1,3.8,0
166,0,3,2,1,2.5,NA
166,1,2.5,2,1,2.5,NA
166,2,3.2,2,1,2.5,NA
166,3,3.2,2,1,2.5,NA
166,4,3.2,2,1,2.5,NA
166,5,3.4,2,1,2.5,NA
167,0,2.7,2,0,2.8,1
167,1,2.9,3,0,2.8,1
167,2,3.1,1,0,2.8,1
167,3,2.8,3,0,2.8,1
167,4,3.6,1,0,2.8,1
167,5,3.5,2,0,2.8,1
168,0,2.9,2,0,3.2,NA
168,1,2.9,2,0,3.2,NA
168,2,3,2,0,3.2,NA
168,3,3.3,2,0,3.2,NA
168,4,3.4,2,0,3.2,NA
168,5,3.5,2,0,3.2,NA
169,0,2.9,2,0,3.9,NA
169,1,2.7,2,0,3.9,NA
169,2,3,2,0,3.9,NA
169,3,3.2,2,0,3.9,NA
169,4,3.6,2,0,3.9,NA
169,5,3.6,2,0,3.9,NA
170,0,2.4,2,0,2,1
170,1,3.1,2,0,2,1
170,2,3.2,1,0,2,1
170,3,3.7,2,0,2,1
170,4,3.6,2,0,2,1
170,5,3.9,2,0,2,1
171,0,2.3,2,0,2.7,0
171,1,2.4,2,0,2.7,0
171,2,2.7,2,0,2.7,0
171,3,2.7,3,0,2.7,0
171,4,2.5,2,0,2.7,0
171,5,2.6,3,0,2.7,0
172,0,2.7,2,1,3.4,1
172,1,2.8,3,1,3.4,1
172,2,3,2,1,3.4,1
172,3,2.4,2,1,3.4,1
172,4,2.8,2,1,3.4,1
172,5,3.2,2,1,3.4,1
173,0,2.2,2,1,3.7,1
173,1,3.1,2,1,3.7,1
173,2,3,2,1,3.7,1
173,3,3.4,2,1,3.7,1
173,4,3.7,2,1,3.7,1
173,5,3.6,2,1,3.7,1
174,0,2.8,2,1,3.2,NA
174,1,2.7,2,1,3.2,NA
174,2,2.9,3,1,3.2,NA
174,3,3.2,2,1,3.2,NA
174,4,3,1,1,3.2,NA
174,5,3.4,2,1,3.2,NA
175,0,2.3,2,0,3.7,NA
175,1,2.9,2,0,3.7,NA
175,2,3.1,2,0,3.7,NA
175,3,2.8,2,0,3.7,NA
175,4,3.4,1,0,3.7,NA
175,5,3.3,1,0,3.7,NA
176,0,2.9,2,0,3.7,0
176,1,2.7,2,0,3.7,0
176,2,2.8,2,0,3.7,0
176,3,2.7,2,0,3.7,0
176,4,2.6,2,0,3.7,0
176,5,2.9,3,0,3.7,0
177,0,2.9,2,0,3.9,NA
177,1,3,2,0,3.9,NA
177,2,3.1,1,0,3.9,NA
177,3,2.8,2,0,3.9,NA
177,4,3.3,2,0,3.9,NA
177,5,3.4,1,0,3.9,NA
178,0,2.8,2,0,3.5,1
178,1,2.9,2,0,3.5,1
178,2,2.8,2,0,3.5,1
178,3,3,2,0,3.5,1
178,4,2.9,2,0,3.5,1
178,5,2.9,2,0,3.5,1
179,0,2.7,3,1,2.8,1
179,1,3.4,2,1,2.8,1
179,2,2.5,2,1,2.8,1
179,3,2.8,2,1,2.8,1
179,4,2.9,3,1,2.8,1
179,5,3.2,2,1,2.8,1
180,0,2.9,2,0,2.3,0
180,1,2.5,2,0,2.3,0
180,2,2.5,3,0,2.3,0
180,3,2.5,2,0,2.3,0
180,4,2.6,3,0,2.3,0
180,5,2.6,2,0,2.3,0
181,0,2.3,2,0,3.2,1
181,1,2.4,2,0,3.2,1
181,2,2.2,2,0,3.2,1
181,3,2.6,3,0,3.2,1
181,4,2.6,3,0,3.2,1
181,5,2.7,2,0,3.2,1
182,0,2.7,2,1,3.7,1
182,1,3.2,2,1,3.7,1
182,2,3.1,2,1,3.7,1
182,3,3.1,1,1,3.7,1
182,4,3.3,2,1,3.7,1
182,5,3.3,2,1,3.7,1
183,0,2.7,2,0,3,0
183,1,2.5,3,0,3,0
183,2,2.7,2,0,3,0
183,3,2.3,2,0,3,0
183,4,2.6,2,0,3,0
183,5,2.6,2,0,3,0
184,0,2.3,3,1,4,NA
184,1,2.8,2,1,4,NA
184,2,2.8,2,1,4,NA
184,3,3,2,1,4,NA
184,4,3.1,1,1,4,NA
184,5,3.3,2,1,4,NA
185,0,2.6,3,1,3.7,1
185,1,3.1,2,1,3.7,1
185,2,3,2,1,3.7,1
185,3,3,2,1,3.7,1
185,4,3.2,2,1,3.7,1
185,5,2.9,3,1,3.7,1
186,0,2.2,2,1,3.4,1
186,1,2.4,3,1,3.4,1
186,2,3,2,1,3.4,1
186,3,2.9,2,1,3.4,1
186,4,3.2,2,1,3.4,1
186,5,3.1,2,1,3.4,1
187,0,2.4,2,1,2.2,1
187,1,2.2,2,1,2.2,1
187,2,2.1,2,1,2.2,1
187,3,2.4,2,1,2.2,1
187,4,2.8,3,1,2.2,1
187,5,2.8,3,1,2.2,1
188,0,2.3,2,1,2.1,1
188,1,2.7,2,1,2.1,1
188,2,3.3,2,1,2.1,1
188,3,3.2,2,1,2.1,1
188,4,3.1,2,1,2.1,1
188,5,3.6,2,1,2.1,1
189,0,3.3,2,0,2.6,NA
189,1,3.3,2,0,2.6,NA
189,2,2.8,3,0,2.6,NA
189,3,3,2,0,2.6,NA
189,4,3.1,2,0,2.6,NA
189,5,3.1,2,0,2.6,NA
190,0,1.7,3,0,3.9,0
190,1,2.3,2,0,3.9,0
190,2,2.7,2,0,3.9,0
190,3,2.5,2,0,3.9,0
190,4,2.6,2,0,3.9,0
190,5,2.8,3,0,3.9,0
191,0,2.4,2,1,2,1
191,1,2.8,2,1,2,1
191,2,2.8,2,1,2,1
191,3,3,2,1,2,1
191,4,3.1,2,1,2,1
191,5,2.9,3,1,2,1
192,0,2.9,2,1,2.9,1
192,1,3,2,1,2.9,1
192,2,2.4,2,1,2.9,1
192,3,2.9,2,1,2.9,1
192,4,2.8,2,1,2.9,1
192,5,2.9,2,1,2.9,1
193,0,3.1,2,0,3,NA
193,1,2.8,3,0,3,NA
193,2,2.7,2,0,3,NA
193,3,2.7,3,0,3,NA
193,4,2.9,2,0,3,NA
193,5,3.3,2,0,3,NA
194,0,2.4,2,0,2.2,0
194,1,2.4,3,0,2.2,0
194,2,2.6,3,0,2.2,0
194,3,3.1,2,0,2.2,0
194,4,3.4,2,0,2.2,0
194,5,3.3,2,0,2.2,0
195,0,2.4,2,0,2.5,0
195,1,2.7,2,0,2.5,0
195,2,2.2,3,0,2.5,0
195,3,2.2,2,0,2.5,0
195,4,2.4,2,0,2.5,0
195,5,2.5,2,0,2.5,0
196,0,2.2,2,1,3.5,NA
196,1,2.5,2,1,3.5,NA
196,2,2.7,2,1,3.5,NA
196,3,3.1,2,1,3.5,NA
196,4,3.3,2,1,3.5,NA
196,5,3.2,2,1,3.5,NA
197,0,2.9,2,1,2.1,NA
197,1,2.5,2,1,2.1,NA
197,2,2.8,3,1,2.1,NA
197,3,3.2,2,1,2.1,NA
197,4,3.3,2,1,2.1,NA
197,5,3.8,2,1,2.1,NA
198,0,2.5,2,0,4,NA
198,1,2.9,2,0,4,NA
198,2,3,2,0,4,NA
198,3,3.2,2,0,4,NA
198,4,3.3,1,0,4,NA
198,5,3.4,2,0,4,NA
199,0,2.6,2,1,2.3,1
199,1,2.3,2,1,2.3,1
199,2,2.7,3,1,2.3,1
199,3,2.7,2,1,2.3,1
199,4,2.8,2,1,2.3,1
199,5,2.8,3,1,2.3,1
200,0,2.8,2,0,3.4,NA
200,1,3.2,2,0,3.4,NA
200,2,3.4,2,0,3.4,NA
200,3,3.5,2,0,3.4,NA
200,4,3.3,1,0,3.4,NA
200,5,3.4,1,0,3.4,NA
